title,slug,sku,short_description,detail_description,category,is_active,is_featured,price,product_image
 Abhi Extra Virgin Olive Oil,abhi-extra-virgin-olive-oil,87,Cooking oil & Ghee products are available,Cooking oil & Ghee products are available,8,0,0,1913,https://i0.wp.com/post.healthline.com/wp-content/uploads/2020/12/RiceSelect-Organic-Texmati-White-Rice.png?w=714
Bacha Cashew Nut,bacha-cashew-nut,125,Varieties of dry fuits products are available.,Varieties of dry fuits products are available.,5,0,0,592,https://i0.wp.com/post.healthline.com/wp-content/uploads/2020/12/RiceSelect-Organic-Texmati-White-Rice.png?w=707
Halo Extra Virgin Olive Oil,halo-extra-virgin-olive-oil,58,Cooking oil & Ghee products are available,Cooking oil & Ghee products are available,8,1,0,1079,https://i0.wp.com/post.healthline.com/wp-content/uploads/2020/12/RiceSelect-Organic-Texmati-White-Rice.png?w=715
Safal Gold Sunflower Oil,safal-gold-sunflower-oil,33,Cooking oil & Ghee products are available,Cooking oil & Ghee products are available,8,0,0,2981,https://i0.wp.com/post.healthline.com/wp-content/uploads/2020/12/RiceSelect-Organic-Texmati-White-Rice.png?w=705
Saffi Gold Sunflower Oil,saffi-gold-sunflower-oil,62,Cooking oil & Ghee products are available,Cooking oil & Ghee products are available,8,0,0,1698,https://i0.wp.com/post.healthline.com/wp-content/uploads/2020/12/RiceSelect-Organic-Texmati-White-Rice.png?w=704
Sama Mustard Oil,sama-mustard-oil,115,Cooking oil & Ghee products are available,Cooking oil & Ghee products are available,8,0,0,1658,https://i0.wp.com/post.healthline.com/wp-content/uploads/2020/12/RiceSelect-Organic-Texmati-White-Rice.png?w=712
Samrat Mustard Oil,samrat-mustard-oil,86,Cooking oil & Ghee products are available,Cooking oil & Ghee products are available,8,0,0,648,https://i0.wp.com/post.healthline.com/wp-content/uploads/2020/12/RiceSelect-Organic-Texmati-White-Rice.png?w=713
"7Up Diet, Juice",up-diet-juice,206,Soft drinks & Juices are available,Soft drinks & Juices are available,19,0,0,2481,https://i0.wp.com/post.healthline.com/wp-content/uploads/2020/12/RiceSelect-Organic-Texmati-White-Rice.png?w=713
Aadar Pahadi Ghee,aadar-pahadi-ghee,276,Cooking oil & Ghee products are available,Cooking oil & Ghee products are available,8,0,0,2936,https://i0.wp.com/post.healthline.com/wp-content/uploads/2020/12/RiceSelect-Organic-Texmati-White-Rice.png?w=705
Aadesh Uttam Suji ,aadesh-uttam-suji,283,"Atta , Flour & Suji are available","Atta , Flour & Suji are available",18,0,0,1031,https://i0.wp.com/post.healthline.com/wp-content/uploads/2020/12/RiceSelect-Organic-Texmati-White-Rice.png?w=712
Aadhaar Pahadi Ghee,aadhaar-pahadi-ghee,231,Cooking oil & Ghee products are available,Cooking oil & Ghee products are available,8,0,0,2199,https://i0.wp.com/post.healthline.com/wp-content/uploads/2020/12/RiceSelect-Organic-Texmati-White-Rice.png?w=708
Aakash Thakali Rice,aakash-thakali-rice,17,Rice with best quality.,Rice with best quality.,1,0,0,2645,https://i0.wp.com/post.healthline.com/wp-content/uploads/2020/12/RiceSelect-Organic-Texmati-White-Rice.png?w=704
Aakash Sunflower Oil,aakash-sunflower-oil,190,Cooking oil & Ghee products are available,Cooking oil & Ghee products are available,8,0,0,1367,https://i0.wp.com/post.healthline.com/wp-content/uploads/2020/12/RiceSelect-Organic-Texmati-White-Rice.png?w=712
Aaki Darjeeling Pure Tea,aaki-darjeeling-pure-tea,275,Tea and coffee are available.,Tea and coffee are available.,9,0,0,1426,https://i0.wp.com/post.healthline.com/wp-content/uploads/2020/12/RiceSelect-Organic-Texmati-White-Rice.png?w=704
Aara  Biryani Rice,aara-biryani-rice,103,Rice with best quality.,Rice with best quality.,1,0,0,2969,https://i0.wp.com/post.healthline.com/wp-content/uploads/2020/12/RiceSelect-Organic-Texmati-White-Rice.png?w=715
Aara Half Boiled Rice,aara-half-boiled-rice,102,Rice with best quality.,Rice with best quality.,1,0,0,2740,https://i0.wp.com/post.healthline.com/wp-content/uploads/2020/12/RiceSelect-Organic-Texmati-White-Rice.png?w=714
Aaradhya  Biryani Rice,aaradhya-biryani-rice,45,Rice with best quality.,Rice with best quality.,1,0,0,1824,https://i0.wp.com/post.healthline.com/wp-content/uploads/2020/12/RiceSelect-Organic-Texmati-White-Rice.png?w=717
Aaranya Half Boiled Rice,aaranya-half-boiled-rice,44,Rice with best quality.,Rice with best quality.,1,0,0,2072,https://i0.wp.com/post.healthline.com/wp-content/uploads/2020/12/RiceSelect-Organic-Texmati-White-Rice.png?w=716
Aarati Biryani Rice,aarati-biryani-rice,16,Rice with best quality.,Rice with best quality.,1,0,0,1278,https://i0.wp.com/post.healthline.com/wp-content/uploads/2020/12/RiceSelect-Organic-Texmati-White-Rice.png?w=703
Aashirman Atta ,aashirman-atta,279,"Atta , Flour & Suji are available","Atta , Flour & Suji are available",18,0,0,354,https://i0.wp.com/post.healthline.com/wp-content/uploads/2020/12/RiceSelect-Organic-Texmati-White-Rice.png?w=708
Aashirwad Atta ,aashirwad-atta,234,"Atta , Flour & Suji are available","Atta , Flour & Suji are available",18,0,0,1982,https://i0.wp.com/post.healthline.com/wp-content/uploads/2020/12/RiceSelect-Organic-Texmati-White-Rice.png?w=711
Absolut Citron Pastry,absolut-citron-pastry,209,Dairy & Bakery products are available,Dairy & Bakery products are available,15,0,0,918,https://i0.wp.com/post.healthline.com/wp-content/uploads/2020/12/RiceSelect-Organic-Texmati-White-Rice.png?w=716
Achamma Instant Noodles,achamma-instant-noodles,243,Noodles & Biscuits are available,Noodles & Biscuits are available,17,0,0,2957,https://i0.wp.com/post.healthline.com/wp-content/uploads/2020/12/RiceSelect-Organic-Texmati-White-Rice.png?w=717
Achuk Noodles,achuk-noodles,251,Noodles & Biscuits are available,Noodles & Biscuits are available,17,0,0,2596,https://i0.wp.com/post.healthline.com/wp-content/uploads/2020/12/RiceSelect-Organic-Texmati-White-Rice.png?w=710
Aditya Soyabean Oil,aditya-soyabean-oil,261,Cooking oil & Ghee products are available,Cooking oil & Ghee products are available,8,0,0,1095,https://i0.wp.com/post.healthline.com/wp-content/uploads/2020/12/RiceSelect-Organic-Texmati-White-Rice.png?w=705
Alka Basmati Rice,alka-basmati-rice,257,Rice with best quality.,Rice with best quality.,1,0,0,572,https://i0.wp.com/post.healthline.com/wp-content/uploads/2020/12/RiceSelect-Organic-Texmati-White-Rice.png?w=716
Alta Cashew Nut,alta-cashew-nut,38,Varieties of dry fuits products are available.,Varieties of dry fuits products are available.,5,0,0,584,https://i0.wp.com/post.healthline.com/wp-content/uploads/2020/12/RiceSelect-Organic-Texmati-White-Rice.png?w=710
Amit Classic Rahar Dal,amit-classic-rahar-dal,119,All kind of dal and pulses are available here.,All kind of dal and pulses are available here.,16,0,0,2899,https://i0.wp.com/post.healthline.com/wp-content/uploads/2020/12/RiceSelect-Organic-Texmati-White-Rice.png?w=716
Anand Crunchy Beaten Rice,anand-crunchy-beaten-rice,255,Rice with best quality.,Rice with best quality.,1,0,0,2091,https://i0.wp.com/post.healthline.com/wp-content/uploads/2020/12/RiceSelect-Organic-Texmati-White-Rice.png?w=714
Andaaj Jeera Masino Rice,andaaj-jeera-masino-rice,123,Rice with best quality.,Rice with best quality.,1,0,0,990,https://i0.wp.com/post.healthline.com/wp-content/uploads/2020/12/RiceSelect-Organic-Texmati-White-Rice.png?w=705
Anil Moong Dal,anil-moong-dal,267,All kind of dal and pulses are available here.,All kind of dal and pulses are available here.,16,1,0,1392,https://i0.wp.com/post.healthline.com/wp-content/uploads/2020/12/RiceSelect-Organic-Texmati-White-Rice.png?w=711
Anisette - Mcguiness Coffee,anisette-mcguiness-coffee,171,Tea & Coffee products are available,Tea & Coffee products are available,9,0,0,279,https://i0.wp.com/post.healthline.com/wp-content/uploads/2020/12/RiceSelect-Organic-Texmati-White-Rice.png?w=708
"Apple - Delicious, Red Wine",apple-delicious-red,202,Liquor products are available,Liquor products are available,12,0,0,2938,https://i0.wp.com/post.healthline.com/wp-content/uploads/2020/12/RiceSelect-Organic-Texmati-White-Rice.png?w=709
Arunita  Extra Virgin Olive Oil,arunita-extra-virgin-olive-oil,264,Cooking oil & Ghee products are available,Cooking oil & Ghee products are available,8,0,0,936,https://i0.wp.com/post.healthline.com/wp-content/uploads/2020/12/RiceSelect-Organic-Texmati-White-Rice.png?w=708
Asha Spicy Chilly Flakes Masala,asha-spicy-chilly-flakes-masala,92,Spices and Masala are available,Spices and Masala are available,3,0,0,2366,https://i0.wp.com/post.healthline.com/wp-content/uploads/2020/12/RiceSelect-Organic-Texmati-White-Rice.png?w=704
Atti Uttam Wheat Flour,atti-uttam-wheat-flour,284,"Atta , Flour & Suji are available","Atta , Flour & Suji are available",18,0,0,1187,https://i0.wp.com/post.healthline.com/wp-content/uploads/2020/12/RiceSelect-Organic-Texmati-White-Rice.png?w=713
Avay Continental Masala ,avay-continental-masala,278,"Atta , Flour & Suji are available","Atta , Flour & Suji are available",18,0,0,307,https://i0.wp.com/post.healthline.com/wp-content/uploads/2020/12/RiceSelect-Organic-Texmati-White-Rice.png?w=707
Baba Almond Dry Nut,baba-almond-dry-nut,126,Varieties of dry fuits products are available.,Varieties of dry fuits products are available.,5,0,0,2004,https://i0.wp.com/post.healthline.com/wp-content/uploads/2020/12/RiceSelect-Organic-Texmati-White-Rice.png?w=708
Babul Millet Flour & Atta,babul-millet-flour-&-atta,282,"Atta , Flour & Suji are available","Atta , Flour & Suji are available",18,0,0,662,https://i0.wp.com/post.healthline.com/wp-content/uploads/2020/12/RiceSelect-Organic-Texmati-White-Rice.png?w=711
Banda Soyabean Oil,banda-soyabean-oil,84,Cooking oil & Ghee products are available,Cooking oil & Ghee products are available,8,0,0,2556,https://i0.wp.com/post.healthline.com/wp-content/uploads/2020/12/RiceSelect-Organic-Texmati-White-Rice.png?w=711
Bar Energy Chocolate,bar-energy-chocolate,132,Chocolates and chips are found,Chocolates and chips are found,6,0,0,2178,https://i0.wp.com/post.healthline.com/wp-content/uploads/2020/12/RiceSelect-Organic-Texmati-White-Rice.png?w=714
Basuri Premium Basmati rice,basuri-premium-basmati-rice,298,Rice with best quality.,Rice with best quality.,1,0,0,2670,https://i0.wp.com/post.healthline.com/wp-content/uploads/2020/12/RiceSelect-Organic-Texmati-White-Rice.png?w=712
"Beans - Long, Chinese",beans-long-chinese,216,Dals and pulses with best quality.,Dals and pulses with best quality.,16,0,0,289,https://i0.wp.com/post.healthline.com/wp-content/uploads/2020/12/RiceSelect-Organic-Texmati-White-Rice.png?w=708
"Beef - Kindney, Whole Meat",beef-kindney-whole-meat,159,Eggs & meat with best quality.,Eggs & meat with best quality.,10,0,0,2664,https://i0.wp.com/post.healthline.com/wp-content/uploads/2020/12/RiceSelect-Organic-Texmati-White-Rice.png?w=711
"Beef - Roasted, Cooked ",beef-roasted-cooked,194,Eggs & meat with best quality.,Eggs & meat with best quality.,10,0,0,2956,https://i0.wp.com/post.healthline.com/wp-content/uploads/2020/12/RiceSelect-Organic-Texmati-White-Rice.png?w=716
"Beef - Tenderlion, Center Cut Meat",beef-tenderlion-center-cut-meat,162,Eggs & meat with best quality.,Eggs & meat with best quality.,10,0,0,831,https://i0.wp.com/post.healthline.com/wp-content/uploads/2020/12/RiceSelect-Organic-Texmati-White-Rice.png?w=714
"Beer - Alexander Kieths, Pale Ale",beer-alexander-kieths-pale-ale,210,Liquor products are available,Liquor products are available,12,0,0,1239,https://i0.wp.com/post.healthline.com/wp-content/uploads/2020/12/RiceSelect-Organic-Texmati-White-Rice.png?w=717
Beer - Creemore,beer-creemore,187,Liquor products are available,Liquor products are available,12,0,0,1315,https://i0.wp.com/post.healthline.com/wp-content/uploads/2020/12/RiceSelect-Organic-Texmati-White-Rice.png?w=709
Beer - Mill St Organic ,beer-mill-st-organic,227,Liquor products are available,Liquor products are available,12,0,0,349,https://i0.wp.com/post.healthline.com/wp-content/uploads/2020/12/RiceSelect-Organic-Texmati-White-Rice.png?w=704
Bel Upakar Sonam Rice,bel-upakar-sonam-rice,128,Rice with best quality.,Rice with best quality.,1,0,0,2439,https://i0.wp.com/post.healthline.com/wp-content/uploads/2020/12/RiceSelect-Organic-Texmati-White-Rice.png?w=710
Beta Mustard Oil,beta-mustard-oil,53,Cooking oil & Ghee products are available,Cooking oil & Ghee products are available,8,0,0,887,https://i0.wp.com/post.healthline.com/wp-content/uploads/2020/12/RiceSelect-Organic-Texmati-White-Rice.png?w=710
Baba Mustard Oil,baba-mustard-oil,111,Cooking oil & Ghee products are available,Cooking oil & Ghee products are available,8,0,0,107,https://i0.wp.com/post.healthline.com/wp-content/uploads/2020/12/RiceSelect-Organic-Texmati-White-Rice.png?w=708
Betaab Mustard Oil,betaab-mustard-oil,24,Cooking oil & Ghee products are available,Cooking oil & Ghee products are available,8,0,0,194,https://i0.wp.com/post.healthline.com/wp-content/uploads/2020/12/RiceSelect-Organic-Texmati-White-Rice.png?w=711
Bhanbori Soyabean Oil,bhanbori-soyabean-oil,26,Cooking oil & Ghee products are available,Cooking oil & Ghee products are available,8,0,0,1805,https://i0.wp.com/post.healthline.com/wp-content/uploads/2020/12/RiceSelect-Organic-Texmati-White-Rice.png?w=713
Bhanu Soyabean Oil,bhanu-soyabean-oil,113,Cooking oil & Ghee products are available,Cooking oil & Ghee products are available,8,0,0,1588,https://i0.wp.com/post.healthline.com/wp-content/uploads/2020/12/RiceSelect-Organic-Texmati-White-Rice.png?w=710
Bharat Half Boiled Rice,bharat-half-boiled-rice,73,Rice with best quality.,Rice with best quality.,1,0,0,112,https://i0.wp.com/post.healthline.com/wp-content/uploads/2020/12/RiceSelect-Organic-Texmati-White-Rice.png?w=715
Bhaskar Premium Basmati rice,bhaskar-premium-basmati-rice,76,Rice with best quality.,Rice with best quality.,1,0,0,637,https://i0.wp.com/post.healthline.com/wp-content/uploads/2020/12/RiceSelect-Organic-Texmati-White-Rice.png?w=703
Bidita Orthodox Tea,bidita-orthodox-tea,273,Tea and coffee are available.,Tea and coffee are available.,9,0,0,340,https://i0.wp.com/post.healthline.com/wp-content/uploads/2020/12/RiceSelect-Organic-Texmati-White-Rice.png?w=717
Bikash Thakali Rice,bikash-thakali-rice,46,Rice with best quality.,Rice with best quality.,1,0,0,1677,https://i0.wp.com/post.healthline.com/wp-content/uploads/2020/12/RiceSelect-Organic-Texmati-White-Rice.png?w=703
Bilas Jeera Masino Rice,bilas-jeera-masino-rice,BJM-1,Rice with best quality.,Rice with best quality.,1,1,0,379,http://127.0.0.1:8000/media/product/HULAS-JEERA-MASINO-RICE_IzvrdN3_nNqfWfl.jpg
Blend Sunflower Oil,blend-sunflower-oil,91,Cooking oil & Ghee products are available,Cooking oil & Ghee products are available,8,1,0,2804,https://i0.wp.com/post.healthline.com/wp-content/uploads/2020/12/RiceSelect-Organic-Texmati-White-Rice.png?w=703
Blueberries - Frozen Dry Fruit,blueberries-frozen-dry-fruit,130,Varieties of dry fuits products are available.,Varieties of dry fuits products are available.,5,0,0,2652,https://i0.wp.com/post.healthline.com/wp-content/uploads/2020/12/RiceSelect-Organic-Texmati-White-Rice.png?w=712
Bran Almond Dry Nut,bran-almond-dry-nut,39,Varieties of dry fuits products are available.,Varieties of dry fuits products are available.,5,0,0,1558,https://i0.wp.com/post.healthline.com/wp-content/uploads/2020/12/RiceSelect-Organic-Texmati-White-Rice.png?w=711
Abhi Almond Dry Nut,bran-almond-dry-nut,97,Varieties of dry fuits products are available.,Varieties of dry fuits products are available.,5,0,0,1436,https://i0.wp.com/post.healthline.com/wp-content/uploads/2020/12/RiceSelect-Organic-Texmati-White-Rice.png?w=709
Bread Base - Goodhearth Chips,bread-base-goodhearth-chips,149,Chocolate and chips are available.,Chocolate and chips are available.,6,0,0,2245,https://i0.wp.com/post.healthline.com/wp-content/uploads/2020/12/RiceSelect-Organic-Texmati-White-Rice.png?w=716
Breadfruit Dal,breadfruit-dal,155,All kind of dal and pulses are available here.,All kind of dal and pulses are available here.,16,0,0,1737,https://i0.wp.com/post.healthline.com/wp-content/uploads/2020/12/RiceSelect-Organic-Texmati-White-Rice.png?w=707
Brown Rice,brown-rice,153,Rice with best quality.,Rice with best quality.,1,0,0,343,https://i0.wp.com/post.healthline.com/wp-content/uploads/2020/12/RiceSelect-Organic-Texmati-White-Rice.png?w=705
"Brownies - Two Bite, Chocolate",brownies-two-bite-chocolate,192,Chocolate and chips are available.,Chocolate and chips are available.,6,0,0,1047,https://i0.wp.com/post.healthline.com/wp-content/uploads/2020/12/RiceSelect-Organic-Texmati-White-Rice.png?w=714
Bryan Cashew Nut,bryan-cashew-nut,9,Varieties of dry fuits products are available.,Varieties of dry fuits products are available.,5,0,0,310,https://i0.wp.com/post.healthline.com/wp-content/uploads/2020/12/RiceSelect-Organic-Texmati-White-Rice.png?w=711
Buddhi Chakki Atta,buddhi-chakki-atta,66,"Atta , Flour & Suji are available","Atta , Flour & Suji are available",18,0,0,1885,https://i0.wp.com/post.healthline.com/wp-content/uploads/2020/12/RiceSelect-Organic-Texmati-White-Rice.png?w=708
Bunny Premium Basmati rice,bunny-premium-basmati-rice,105,Rice with best quality.,Rice with best quality.,1,0,0,1554,https://i0.wp.com/post.healthline.com/wp-content/uploads/2020/12/RiceSelect-Organic-Texmati-White-Rice.png?w=717
Cake - Cake Sheet Macaroon Dairy,cake-cake-sheet-macaroon-dairy,143,Dairy & Bakery products are available,Dairy & Bakery products are available,15,1,0,947,https://i0.wp.com/post.healthline.com/wp-content/uploads/2020/12/RiceSelect-Organic-Texmati-White-Rice.png?w=710
Cake - Mini Potato Pancake,cake-mini-potato-pancake,199,Dairy & Bakery products are available,Dairy & Bakery products are available,15,0,0,2226,https://i0.wp.com/post.healthline.com/wp-content/uploads/2020/12/RiceSelect-Organic-Texmati-White-Rice.png?w=706
Calypso - Strawberry Masala,calypso-strawberry-masala,230,Spices & Masala are available,Spices & Masala are available,3,0,0,1742,https://i0.wp.com/post.healthline.com/wp-content/uploads/2020/12/RiceSelect-Organic-Texmati-White-Rice.png?w=707
"Cheese - Brick With Onion,Dairy",cheese-brick-with-onion-dairy,205,Dairy & Bakery products are available,Dairy & Bakery products are available,15,0,0,1781,https://i0.wp.com/post.healthline.com/wp-content/uploads/2020/12/RiceSelect-Organic-Texmati-White-Rice.png?w=712
"Cheese - Brie, Triple Coffee",cheese-brie-triple-coffee,174,Tea & Coffee products are available,Tea & Coffee products are available,12,0,0,967,https://i0.wp.com/post.healthline.com/wp-content/uploads/2020/12/RiceSelect-Organic-Texmati-White-Rice.png?w=711
Cheese - Gorgonzola Dairy,cheese-gorgonzola-dairy,129,Dairy products are available,Dairy products are available,15,0,0,1600,https://i0.wp.com/post.healthline.com/wp-content/uploads/2020/12/RiceSelect-Organic-Texmati-White-Rice.png?w=711
Cheese - Marble Chips,cheese-marble-chips,195,Chocolate and chips are available.,Chocolate and chips are available.,6,1,0,1487,https://i0.wp.com/post.healthline.com/wp-content/uploads/2020/12/RiceSelect-Organic-Texmati-White-Rice.png?w=717
Chehra Sunflower Oil,chehra-sunflower-oil,54,Cooking oil & Ghee products are available,Cooking oil & Ghee products are available,8,0,0,2095,https://i0.wp.com/post.healthline.com/wp-content/uploads/2020/12/RiceSelect-Organic-Texmati-White-Rice.png?w=711
Chicken Giblets Meat,chicken-giblets-meat,177,Eggs & meat with best quality.,Eggs & meat with best quality.,10,0,0,976,https://i0.wp.com/post.healthline.com/wp-content/uploads/2020/12/RiceSelect-Organic-Texmati-White-Rice.png?w=714
Chips Potato Salt Vinegar Chocolate,chips-potato-salt-vinegar-chocolate,133,Chocolates and chips are found,Chocolates and chips are found,6,0,0,2976,https://i0.wp.com/post.healthline.com/wp-content/uploads/2020/12/RiceSelect-Organic-Texmati-White-Rice.png?w=715
Chune Crunchy Beaten Rice,chune-crunchy-beaten-rice,49,Rice with best quality.,Rice with best quality.,1,0,0,174,https://i0.wp.com/post.healthline.com/wp-content/uploads/2020/12/RiceSelect-Organic-Texmati-White-Rice.png?w=706
Classic Moong Dal,classic-moong-dal,90,All kind of dal and pulses are available here.,All kind of dal and pulses are available here.,16,0,0,2916,https://i0.wp.com/post.healthline.com/wp-content/uploads/2020/12/RiceSelect-Organic-Texmati-White-Rice.png?w=717
Classic Rahar Dal,classic-rahar-dal,3,All kind of dal and pulses are available here.,All kind of dal and pulses are available here.,16,0,0,771,http://127.0.0.1:8000/media/product/HULAS-JEERA-MASINO-RICE_IzvrdN3_nNqfWfl.jpg
Refreshing Coffee,refreshing-coffee,219,Tea & Coffee products are available,Tea & Coffee products are available,9,0,0,2923,https://i0.wp.com/post.healthline.com/wp-content/uploads/2020/12/RiceSelect-Organic-Texmati-White-Rice.png?w=711
Coffee  Chocolate,coffee-chocolate,197,Chocolate and chips are available.,Chocolate and chips are available.,6,0,0,2946,https://i0.wp.com/post.healthline.com/wp-content/uploads/2020/12/RiceSelect-Organic-Texmati-White-Rice.png?w=704
Coffee Caramel Biscotti,coffee-caramel-biscotti,161,Tea and coffee are available.,Tea and coffee are available.,9,0,0,1649,https://i0.wp.com/post.healthline.com/wp-content/uploads/2020/12/RiceSelect-Organic-Texmati-White-Rice.png?w=713
Continental Masala & Spices,continental-masala-&-spices,233,Spices & Masala are available,Spices & Masala are available,3,0,0,453,https://i0.wp.com/post.healthline.com/wp-content/uploads/2020/12/RiceSelect-Organic-Texmati-White-Rice.png?w=710
"Cookie Dough - Double,Bakery",cookie-dough-double-bakery,180,Bakery with best quality.,Bakery with best quality.,15,0,0,471,https://i0.wp.com/post.healthline.com/wp-content/uploads/2020/12/RiceSelect-Organic-Texmati-White-Rice.png?w=717
Cookies Oatmeal Raisin Biscuits,cookies-oatmeal-raisin-biscuits,226,Noodles & Biscuits are available,Noodles & Biscuits are available,17,0,0,1515,https://i0.wp.com/post.healthline.com/wp-content/uploads/2020/12/RiceSelect-Organic-Texmati-White-Rice.png?w=703
Crunchy Beaten Rice,crunchy-beaten-rice,52,Rice with best quality.,Rice with best quality.,1,0,0,1784,https://i0.wp.com/post.healthline.com/wp-content/uploads/2020/12/RiceSelect-Organic-Texmati-White-Rice.png?w=709
Cumin - Ground Oil,cumin-ground-oil,160,Ghee and oil are available.,Ghee and oil are available.,8,0,0,1569,https://i0.wp.com/post.healthline.com/wp-content/uploads/2020/12/RiceSelect-Organic-Texmati-White-Rice.png?w=712
Dale Jeera Masino Rice,dale-jeera-masino-rice,117,Rice with best quality.,Rice with best quality.,1,0,0,2680,https://i0.wp.com/post.healthline.com/wp-content/uploads/2020/12/RiceSelect-Organic-Texmati-White-Rice.png?w=714
Deep Mustard Oil,deep-mustard-oil,263,Cooking oil & Ghee products are available,Cooking oil & Ghee products are available,8,0,0,1130,https://i0.wp.com/post.healthline.com/wp-content/uploads/2020/12/RiceSelect-Organic-Texmati-White-Rice.png?w=707
Dehydrated Kelp Kombo tea,dehydrated-kelp-kombo-tea,220,Tea & Coffee products are available,Tea & Coffee products are available,9,0,0,680,https://i0.wp.com/post.healthline.com/wp-content/uploads/2020/12/RiceSelect-Organic-Texmati-White-Rice.png?w=712
Dhan Chakki Atta,dhan-chakki-atta,37,"Atta , Flour & Suji are available","Atta , Flour & Suji are available",18,0,0,1865,https://i0.wp.com/post.healthline.com/wp-content/uploads/2020/12/RiceSelect-Organic-Texmati-White-Rice.png?w=709
Dil Mustard Oil,dil-mustard-oil,57,Cooking oil & Ghee products are available,Cooking oil & Ghee products are available,8,0,0,2233,https://i0.wp.com/post.healthline.com/wp-content/uploads/2020/12/RiceSelect-Organic-Texmati-White-Rice.png?w=714
Durbar Cashew Nut,durbar-cashew-nut,67,Varieties of dry fuits products are available.,Varieties of dry fuits products are available.,5,0,0,166,https://i0.wp.com/post.healthline.com/wp-content/uploads/2020/12/RiceSelect-Organic-Texmati-White-Rice.png?w=709
Ecolab - Orange Juice,ecolab-orange-juices,214,Soft drinks & Juices are available,Soft drinks & Juices are available,19,0,0,1401,https://i0.wp.com/post.healthline.com/wp-content/uploads/2020/12/RiceSelect-Organic-Texmati-White-Rice.png?w=706
Energy Drink Red Bull Juice,energy-drink-red-bull-juice,135,Soft drinks & Juices are available,Soft drinks & Juices are available,19,0,0,2644,https://i0.wp.com/post.healthline.com/wp-content/uploads/2020/12/RiceSelect-Organic-Texmati-White-Rice.png?w=717
Extra Virgin Olive Oil,extra-virgin-olive-oil,29,Cooking oil & Ghee products are available,Cooking oil & Ghee products are available,8,0,0,2829,https://i0.wp.com/post.healthline.com/wp-content/uploads/2020/12/RiceSelect-Organic-Texmati-White-Rice.png?w=716
Fardu Walnuts Dry Fruits,fardu-walnuts-dry-fruits,118,Varieties of dry fuits products are available.,Varieties of dry fuits products are available.,5,0,0,1846,https://i0.wp.com/post.healthline.com/wp-content/uploads/2020/12/RiceSelect-Organic-Texmati-White-Rice.png?w=715
Fast Jeera Masino Rice,fast-jeera-masino-rice,301,Rice with best quality.,Rice with best quality.,1,0,0,2824,product/HULAS-JEERA-MASINO-RICE_IzvrdN3_nNqfWfl.jpg
Filter - Coffee,filter-coffee,191,Tea & Coffee products are available,Tea & Coffee products are available,9,0,0,516,https://i0.wp.com/post.healthline.com/wp-content/uploads/2020/12/RiceSelect-Organic-Texmati-White-Rice.png?w=713
"Flour - Corn, Fine Atta",flour-corn-fine-atta,142,"Atta , Flour & Suji are available","Atta , Flour & Suji are available",18,0,0,2487,https://i0.wp.com/post.healthline.com/wp-content/uploads/2020/12/RiceSelect-Organic-Texmati-White-Rice.png?w=709
Flour - So Mix Cake White Atta,flour-so-mix-cake-white-atta,131,"Atta , Flour & Suji are available","Atta , Flour & Suji are available",8,0,0,1786,https://i0.wp.com/post.healthline.com/wp-content/uploads/2020/12/RiceSelect-Organic-Texmati-White-Rice.png?w=713
Focus Glucose Biscuits,focus-glucose-biscuits,291,Noodles & Biscuits are available,Noodles & Biscuits are available,17,0,0,2996,https://i0.wp.com/post.healthline.com/wp-content/uploads/2020/12/RiceSelect-Organic-Texmati-White-Rice.png?w=705
Fresh Basmati Rice,fresh-basmati-rice,106,Rice with best quality.,Rice with best quality.,1,0,0,2753,https://i0.wp.com/post.healthline.com/wp-content/uploads/2020/12/RiceSelect-Organic-Texmati-White-Rice.png?w=703
Fresh Rahar Dal,fresh-rahar-dal,32,Varieties of dry fuits products are available.,Varieties of dry fuits products are available.,16,0,0,1368,https://i0.wp.com/post.healthline.com/wp-content/uploads/2020/12/RiceSelect-Organic-Texmati-White-Rice.png?w=704
Gaaine Wheat Flour,gaaine-wheat-flour,280,"Atta , Flour & Suji are available","Atta , Flour & Suji are available",18,0,0,469,https://i0.wp.com/post.healthline.com/wp-content/uploads/2020/12/RiceSelect-Organic-Texmati-White-Rice.png?w=709
Gaaule Pistachios Dry Nut,gaaule-pistachios-dry-nut,69,Varieties of dry fuits products are available.,Varieties of dry fuits products are available.,1,0,0,2634,https://i0.wp.com/post.healthline.com/wp-content/uploads/2020/12/RiceSelect-Organic-Texmati-White-Rice.png?w=711
Gala  Basmati Rice,gala-basmati-rice,109,Rice with best quality.,Rice with best quality.,1,0,0,2103,https://i0.wp.com/post.healthline.com/wp-content/uploads/2020/12/RiceSelect-Organic-Texmati-White-Rice.png?w=706
Galaxy Basmati Rice,galaxy-basmati-rice,22,Rice with best quality.,Rice with best quality.,1,0,0,391,https://i0.wp.com/post.healthline.com/wp-content/uploads/2020/12/RiceSelect-Organic-Texmati-White-Rice.png?w=709
Garud Sonam Rice,garud-sonam-rice,101,Rice with best quality.,Rice with best quality.,1,0,0,1526,https://i0.wp.com/post.healthline.com/wp-content/uploads/2020/12/RiceSelect-Organic-Texmati-White-Rice.png?w=713
Ghoda Mustard Oil,ghoda-mustard-oil,82,Cooking oil & Ghee products are available,Cooking oil & Ghee products are available,8,0,0,2465,https://i0.wp.com/post.healthline.com/wp-content/uploads/2020/12/RiceSelect-Organic-Texmati-White-Rice.png?w=709
"Gingerale - Schweppes, 355 Ml Drinks",gingerale-schweppes-ml-drinks,168,Liquor products are available,Liquor products are available,12,0,0,1735,https://i0.wp.com/post.healthline.com/wp-content/uploads/2020/12/RiceSelect-Organic-Texmati-White-Rice.png?w=705
Gloves - Goldtouch Disposable Tea,gloves-goldtouch-disposable-tea,141,Tea and coffee are available.,Tea and coffee are available.,9,0,0,418,https://i0.wp.com/post.healthline.com/wp-content/uploads/2020/12/RiceSelect-Organic-Texmati-White-Rice.png?w=708
Glucose Biscuits,glucose-biscuits,246,Noodles & Biscuits are available,Noodles & Biscuits are available,17,0,0,2609,https://i0.wp.com/post.healthline.com/wp-content/uploads/2020/12/RiceSelect-Organic-Texmati-White-Rice.png?w=705
Gold Sunflower Oil,gold-sunflower-oil,4,Cooking oil & Ghee products are available,Cooking oil & Ghee products are available,8,0,0,2101,http://127.0.0.1:8000/media/product/HULAS-JEERA-MASINO-RICE_IzvrdN3_nNqfWfl.jpg
Good Jeera Masino Rice,good-jeera-masino-rice,108,Rice with best quality.,Rice with best quality.,1,0,0,2210,https://i0.wp.com/post.healthline.com/wp-content/uploads/2020/12/RiceSelect-Organic-Texmati-White-Rice.png?w=705
Goodluck Jeera Masino Rice,goodluck-jeera-masino-rice,21,Rice with best quality.,Rice with best quality.,1,0,0,1659,https://i0.wp.com/post.healthline.com/wp-content/uploads/2020/12/RiceSelect-Organic-Texmati-White-Rice.png?w=708
Grapes - Red Wine,grapes-red-wine,136,Liquor products are available,Liquor products are available,1,0,0,1598,https://i0.wp.com/post.healthline.com/wp-content/uploads/2020/12/RiceSelect-Organic-Texmati-White-Rice.png?w=703
Great Crunchy Beaten Rice,great-crunchy-beaten-rice,78,Rice with best quality.,Rice with best quality.,1,0,0,306,https://i0.wp.com/post.healthline.com/wp-content/uploads/2020/12/RiceSelect-Organic-Texmati-White-Rice.png?w=705
Gyan Chakki Atta,gyan-chakki-atta,8,"Atta , Flour & Suji are available","Atta , Flour & Suji are available",18,0,0,1031,https://i0.wp.com/post.healthline.com/wp-content/uploads/2020/12/RiceSelect-Organic-Texmati-White-Rice.png?w=710
Gyan Sonam Rice,gyan-sonam-rice,14,Rice with best quality.,Rice with best quality.,1,0,0,2418,https://i0.wp.com/post.healthline.com/wp-content/uploads/2020/12/RiceSelect-Organic-Texmati-White-Rice.png?w=716
Gyan Wheat Flour,gyan-wheat-flour,235,"Atta , Flour & Suji are available","Atta , Flour & Suji are available",18,0,0,2489,https://i0.wp.com/post.healthline.com/wp-content/uploads/2020/12/RiceSelect-Organic-Texmati-White-Rice.png?w=712
Gyani Sonam Rice,gyani-sonam-rice,43,Rice with best quality.,Rice with best quality.,1,0,0,461,https://i0.wp.com/post.healthline.com/wp-content/uploads/2020/12/RiceSelect-Organic-Texmati-White-Rice.png?w=715
Harey Parle 20 20 biscuits,harey-parle-biscuits,292,Noodles & Biscuits are available,Noodles & Biscuits are available,17,0,0,1502,https://i0.wp.com/post.healthline.com/wp-content/uploads/2020/12/RiceSelect-Organic-Texmati-White-Rice.png?w=706
Hari Rambilash Rice,hari-rambilash-rice,100,Rice with best quality.,Rice with best quality.,1,0,0,2887,https://i0.wp.com/post.healthline.com/wp-content/uploads/2020/12/RiceSelect-Organic-Texmati-White-Rice.png?w=712
Heritage Almond Dry Nut,heritage-almond-dry-nut,68,Varieties of dry fuits products are available.,Varieties of dry fuits products are available.,5,0,0,1260,https://i0.wp.com/post.healthline.com/wp-content/uploads/2020/12/RiceSelect-Organic-Texmati-White-Rice.png?w=710
High Hope Biscuits ,high-hope-biscuits,293,Noodles & Biscuits are available,Noodles & Biscuits are available,17,0,0,1956,https://i0.wp.com/post.healthline.com/wp-content/uploads/2020/12/RiceSelect-Organic-Texmati-White-Rice.png?w=707
Hilife Basmati Rice,hilife-basmati-rice,19,Rice with best quality.,Rice with best quality.,1,0,0,630,https://i0.wp.com/post.healthline.com/wp-content/uploads/2020/12/RiceSelect-Organic-Texmati-White-Rice.png?w=706
Hilife Rice Flour,hilife-rice-flour,240,"Atta , Flour & Suji are available","Atta , Flour & Suji are available",18,0,0,623,https://i0.wp.com/post.healthline.com/wp-content/uploads/2020/12/RiceSelect-Organic-Texmati-White-Rice.png?w=717
Himal Pistachios Dry Nut,himal-pistachios-dry-nut,40,Varieties of dry fuits products are available.,Varieties of dry fuits products are available.,5,0,0,2576,https://i0.wp.com/post.healthline.com/wp-content/uploads/2020/12/RiceSelect-Organic-Texmati-White-Rice.png?w=712
Himesh Jeera Masino Rice,himesh-jeera-masino-rice,256,Rice with best quality.,Rice with best quality.,1,0,0,1580,https://i0.wp.com/post.healthline.com/wp-content/uploads/2020/12/RiceSelect-Organic-Texmati-White-Rice.png?w=715
Hip Hop Biscuits ,hip-hop-biscuits,248,Noodles & Biscuits are available,Noodles & Biscuits are available,17,0,0,2833,https://i0.wp.com/post.healthline.com/wp-content/uploads/2020/12/RiceSelect-Organic-Texmati-White-Rice.png?w=707
Horlicks Biscuits,horlicks-biscuits,88,Noodles & Biscuits are available,Noodles & Biscuits are available,17,0,0,2001,https://i0.wp.com/post.healthline.com/wp-content/uploads/2020/12/RiceSelect-Organic-Texmati-White-Rice.png?w=715
Hulas Crunchy Beaten Rice,hulas-crunchy-beaten-rice,20,Rice with best quality.,Rice with best quality.,1,0,0,962,https://i0.wp.com/post.healthline.com/wp-content/uploads/2020/12/RiceSelect-Organic-Texmati-White-Rice.png?w=707
Icecream - Dstk Super Cone Milk,icecream-dstk-super-cone-milk,175,Dairy & Bakery products are available,Dairy & Bakery products are available,15,0,0,578,https://i0.wp.com/post.healthline.com/wp-content/uploads/2020/12/RiceSelect-Organic-Texmati-White-Rice.png?w=712
Inaa Premium Basmati rice,inaa-premium-basmati-rice,47,Rice with best quality.,Rice with best quality.,1,0,0,2342,https://i0.wp.com/post.healthline.com/wp-content/uploads/2020/12/RiceSelect-Organic-Texmati-White-Rice.png?w=704
Inaash Premium Basmati rice,inaash-premium-basmati-rice,18,Rice with best quality.,Rice with best quality.,1,0,0,2282,https://i0.wp.com/post.healthline.com/wp-content/uploads/2020/12/RiceSelect-Organic-Texmati-White-Rice.png?w=705
Iron Gate Basmati Rice,iron-gate-basmati-rice,64,Rice with best quality.,Rice with best quality.,1,0,0,1346,https://i0.wp.com/post.healthline.com/wp-content/uploads/2020/12/RiceSelect-Organic-Texmati-White-Rice.png?w=706
Isha Barley Flour,isha-barley-flour,236,"Atta , Flour & Suji are available","Atta , Flour & Suji are available",18,0,0,1833,https://i0.wp.com/post.healthline.com/wp-content/uploads/2020/12/RiceSelect-Organic-Texmati-White-Rice.png?w=713
Ishey Green Tea,ishey-green-tea,271,Tea and coffee are available.,Tea and coffee are available.,9,0,0,829,https://i0.wp.com/post.healthline.com/wp-content/uploads/2020/12/RiceSelect-Organic-Texmati-White-Rice.png?w=715
Ishita Barley Flour,ishita-barley-flour,281,"Atta , Flour & Suji are available","Atta , Flour & Suji are available",18,0,0,1569,https://i0.wp.com/post.healthline.com/wp-content/uploads/2020/12/RiceSelect-Organic-Texmati-White-Rice.png?w=710
Isomalt Coffee,isomalt-coffee,182,Tea and coffee are available.,Tea and coffee are available.,9,0,0,2732,https://i0.wp.com/post.healthline.com/wp-content/uploads/2020/12/RiceSelect-Organic-Texmati-White-Rice.png?w=704
Javed Beaten Rice,javed-beaten-rice,258,Rice with best quality.,Rice with best quality.,1,0,0,1097,https://i0.wp.com/post.healthline.com/wp-content/uploads/2020/12/RiceSelect-Organic-Texmati-White-Rice.png?w=717
Jhakkad Spicy Masala,jhakkad-spicy-masala,268,Spices & Masala are available,Spices & Masala are available,3,0,0,1950,https://i0.wp.com/post.healthline.com/wp-content/uploads/2020/12/RiceSelect-Organic-Texmati-White-Rice.png?w=712
Jhum Rum Noodles,jhum-rum-noodles,295,Noodles & Biscuits are available,Noodles & Biscuits are available,17,0,0,2456,https://i0.wp.com/post.healthline.com/wp-content/uploads/2020/12/RiceSelect-Organic-Texmati-White-Rice.png?w=709
Juice - Apple 284ml,juice-apple-ml,207,Soft drinks & Juices are available,Soft drinks & Juices are available,19,0,0,2406,https://i0.wp.com/post.healthline.com/wp-content/uploads/2020/12/RiceSelect-Organic-Texmati-White-Rice.png?w=714
"Juice - Apple, 1.36l Drinks",juice-apple-l-drinks,169,Soft drinks & Juices are available,Soft drinks & Juices are available,19,0,0,1837,https://i0.wp.com/post.healthline.com/wp-content/uploads/2020/12/RiceSelect-Organic-Texmati-White-Rice.png?w=706
"Juice - Orange, Concentrate",juice-orange-concentrate,189,Soft drinks & Juices are available,Soft drinks & Juices are available,19,0,0,2847,https://i0.wp.com/post.healthline.com/wp-content/uploads/2020/12/RiceSelect-Organic-Texmati-White-Rice.png?w=711
Juice - V8 Splash,juice-v-splash,204,Soft drinks & Juices are available,Soft drinks & Juices are available,19,0,0,2702,https://i0.wp.com/post.healthline.com/wp-content/uploads/2020/12/RiceSelect-Organic-Texmati-White-Rice.png?w=711
Kellogs All Bran Bars Chocolate,kellogs-all-bran-bars-chocolate,154,Chocolate and chips are available.,Chocolate and chips are available.,6,0,0,1174,https://i0.wp.com/post.healthline.com/wp-content/uploads/2020/12/RiceSelect-Organic-Texmati-White-Rice.png?w=706
Khaau Khaau Instant Noodles ,khaau-khaau-instant-noodles,242,Noodles & Biscuits are available,Noodles & Biscuits are available,17,0,0,1047,https://i0.wp.com/post.healthline.com/wp-content/uploads/2020/12/RiceSelect-Organic-Texmati-White-Rice.png?w=716
Khalil  Biryani Rice,khalil-biryani-rice,74,Rice with best quality.,Rice with best quality.,1,0,0,1921,https://i0.wp.com/post.healthline.com/wp-content/uploads/2020/12/RiceSelect-Organic-Texmati-White-Rice.png?w=716
Kiara Organic Masala Tea,kiara-organic-masala-tea,270,Tea and coffee are available.,Tea and coffee are available.,9,0,0,1597,https://i0.wp.com/post.healthline.com/wp-content/uploads/2020/12/RiceSelect-Organic-Texmati-White-Rice.png?w=714
Kim Tokla Tea,kim-tokla-tea,272,Tea and coffee are available.,Tea and coffee are available.,9,0,0,2831,https://i0.wp.com/post.healthline.com/wp-content/uploads/2020/12/RiceSelect-Organic-Texmati-White-Rice.png?w=716
Kitkat Chocolate,kitkat-chocolate,196,Chocolate and chips are available.,Chocolate and chips are available.,6,0,0,2300,https://i0.wp.com/post.healthline.com/wp-content/uploads/2020/12/RiceSelect-Organic-Texmati-White-Rice.png?w=703
Knife Plastic - White Ghee,knife-plastic-white-ghee,164,Cooking oil & Ghee products are available,Cooking oil & Ghee products are available,8,0,0,842,https://i0.wp.com/post.healthline.com/wp-content/uploads/2020/12/RiceSelect-Organic-Texmati-White-Rice.png?w=716
Korean Ramen Noodles,korean-ramen-noodles,244,Noodles & Biscuits are available,Noodles & Biscuits are available,17,0,0,1141,https://i0.wp.com/post.healthline.com/wp-content/uploads/2020/12/RiceSelect-Organic-Texmati-White-Rice.png?w=703
Laila Soyabean Oil,laila-soyabean-oil,55,Cooking oil & Ghee products are available,Cooking oil & Ghee products are available,8,0,0,819,https://i0.wp.com/post.healthline.com/wp-content/uploads/2020/12/RiceSelect-Organic-Texmati-White-Rice.png?w=712
Lamb - Rack Meat,lamb-rack-meat,170,Eggs & meat with best quality.,Eggs & meat with best quality.,10,1,0,2875,https://i0.wp.com/post.healthline.com/wp-content/uploads/2020/12/RiceSelect-Organic-Texmati-White-Rice.png?w=707
"Lamb - Whole Head Off,nz Meat",lamb-whole-head-off-nz-meat,139,Eggs & meat with best quality.,Eggs & meat with best quality.,10,0,0,331,https://i0.wp.com/post.healthline.com/wp-content/uploads/2020/12/RiceSelect-Organic-Texmati-White-Rice.png?w=706
Leo Crunchy Beaten Rice,leo-crunchy-beaten-rice,300,Rice with best quality.,Rice with best quality.,1,0,0,784,https://i0.wp.com/post.healthline.com/wp-content/uploads/2020/12/RiceSelect-Organic-Texmati-White-Rice.png?w=714
Lettuce - Sea / Sea Asparagus Yogurt,lettuce-sea-sea-asparagus-yogurt,176,Dairy & Bakery products are available,Dairy & Bakery products are available,15,0,0,979,https://i0.wp.com/post.healthline.com/wp-content/uploads/2020/12/RiceSelect-Organic-Texmati-White-Rice.png?w=713
Luck Jeera Masino Rice,luck-jeera-masino-rice,79,Rice with best quality.,Rice with best quality.,1,0,0,2483,https://i0.wp.com/post.healthline.com/wp-content/uploads/2020/12/RiceSelect-Organic-Texmati-White-Rice.png?w=706
Lucky Jeera Masino Rice,lucky-jeera-masino-rice,50,Rice with best quality.,Rice with best quality.,1,0,0,1058,https://i0.wp.com/post.healthline.com/wp-content/uploads/2020/12/RiceSelect-Organic-Texmati-White-Rice.png?w=707
Lychee Chips,lychee-chips,166,Chocolate and chips are available.,Chocolate and chips are available.,6,0,0,167,https://i0.wp.com/post.healthline.com/wp-content/uploads/2020/12/RiceSelect-Organic-Texmati-White-Rice.png?w=703
Mani Basmati Rice,mani-basmati-rice,254,Rice with best quality.,Rice with best quality.,1,0,0,2187,https://i0.wp.com/post.healthline.com/wp-content/uploads/2020/12/RiceSelect-Organic-Texmati-White-Rice.png?w=713
Mini - Vol Au Vents Dal,mini-vol-au-vents-dal,228,Dals and pulses with best quality.,Dals and pulses with best quality.,16,1,0,2464,https://i0.wp.com/post.healthline.com/wp-content/uploads/2020/12/RiceSelect-Organic-Texmati-White-Rice.png?w=705
"Mushroom - Morels, Nuts",mushroom-morels-nuts,158,Varieties of dry fuits products are available.,Varieties of dry fuits products are available.,5,0,0,649,https://i0.wp.com/post.healthline.com/wp-content/uploads/2020/12/RiceSelect-Organic-Texmati-White-Rice.png?w=710
"Mushroom - Shitake, Fresh Rice",mushroom-shitake-fresh-rice,144,Rice with best quality.,Rice with best quality.,15,0,0,2981,https://i0.wp.com/post.healthline.com/wp-content/uploads/2020/12/RiceSelect-Organic-Texmati-White-Rice.png?w=711
Mushroom  Rice,mushroom-rice,185,Rice with best quality.,Rice with best quality.,5,0,0,1684,https://i0.wp.com/post.healthline.com/wp-content/uploads/2020/12/RiceSelect-Organic-Texmati-White-Rice.png?w=707
Mylife Basmati Rice,mylife-basmati-rice,48,Rice with best quality.,Rice with best quality.,1,0,0,623,https://i0.wp.com/post.healthline.com/wp-content/uploads/2020/12/RiceSelect-Organic-Texmati-White-Rice.png?w=705
Naya Rahar Dal,naya-rahar-dal,61,All kind of dal and pulses are available here.,All kind of dal and pulses are available here.,8,0,0,1579,https://i0.wp.com/post.healthline.com/wp-content/uploads/2020/12/RiceSelect-Organic-Texmati-White-Rice.png?w=703
Nepal Gate Basmati Rice,nepal-gate-basmati-rice,93,Rice with best quality.,Rice with best quality.,1,0,0,1816,https://i0.wp.com/post.healthline.com/wp-content/uploads/2020/12/RiceSelect-Organic-Texmati-White-Rice.png?w=705
North Gate Basmati Rice,north-gate-basmati-rice,6,Rice with best quality.,Rice with best quality.,1,0,0,2060,http://127.0.0.1:8000/media/product/HULAS-JEERA-MASINO-RICE_IzvrdN3_nNqfWfl.jpg
North Korean Ramen Noodles,north-korean-ramen-noodles,289,Noodles & Biscuits are available,Noodles & Biscuits are available,17,0,0,1493,https://i0.wp.com/post.healthline.com/wp-content/uploads/2020/12/RiceSelect-Organic-Texmati-White-Rice.png?w=703
Nyano Cow Ghee,nyano-cow-ghee,94,"Atta , Flour & Suji are available",Atta and Flour are available,18,0,0,1378,https://i0.wp.com/post.healthline.com/wp-content/uploads/2020/12/RiceSelect-Organic-Texmati-White-Rice.png?w=706
Oil - Coconut,oil-coconut,184,Cooking oil & Ghee products are available,Cooking oil & Ghee products are available,8,0,0,2497,https://i0.wp.com/post.healthline.com/wp-content/uploads/2020/12/RiceSelect-Organic-Texmati-White-Rice.png?w=706
Oil - Pumpkinseed,oil-pumpkinseed,156,Cooking oil & Ghee products are available,Cooking oil & Ghee products are available,8,0,0,2162,https://i0.wp.com/post.healthline.com/wp-content/uploads/2020/12/RiceSelect-Organic-Texmati-White-Rice.png?w=708
"Olives - Green, Pitted Dal",olives-green-pitted-dal,179,All kind of dal and pulses are available here.,All kind of dal and pulses are available here.,16,0,0,2420,https://i0.wp.com/post.healthline.com/wp-content/uploads/2020/12/RiceSelect-Organic-Texmati-White-Rice.png?w=716
Olives - Nicoise Oil,olives-nicoise-oil,147,Cooking oil & Ghee products are available,Cooking oil & Ghee products are available,8,0,0,1299,https://i0.wp.com/post.healthline.com/wp-content/uploads/2020/12/RiceSelect-Organic-Texmati-White-Rice.png?w=714
Om  Rambilash Rice,om-rambilash-rice,42,Rice with best quality.,Rice with best quality.,1,0,0,274,https://i0.wp.com/post.healthline.com/wp-content/uploads/2020/12/RiceSelect-Organic-Texmati-White-Rice.png?w=714
Open Basmati Rice,open-basmati-rice,51,Rice with best quality.,Rice with best quality.,1,1,0,1964,https://i0.wp.com/post.healthline.com/wp-content/uploads/2020/12/RiceSelect-Organic-Texmati-White-Rice.png?w=708
Parle 20 20 biscuits,parle-biscuits,247,Noodles & Biscuits are available,Noodles & Biscuits are available,17,0,0,2452,https://i0.wp.com/post.healthline.com/wp-content/uploads/2020/12/RiceSelect-Organic-Texmati-White-Rice.png?w=706
Pasta - Agnolotti - Buttermilk,pasta-agnolotti-buttermilk,218,Dairy products are available,Dairy products are available,15,0,0,2163,https://i0.wp.com/post.healthline.com/wp-content/uploads/2020/12/RiceSelect-Organic-Texmati-White-Rice.png?w=710
"Pasta - Rotini, Dry Dal",pasta-rotini-dry-dal,167,All kind of dal and pulses are available here.,All kind of dal and pulses are available here.,16,0,0,1687,https://i0.wp.com/post.healthline.com/wp-content/uploads/2020/12/RiceSelect-Organic-Texmati-White-Rice.png?w=704
Pastry - Banana Tea Loaf,pastry-banana-tea-loaf,211,Dairy & Bakery products are available,Dairy & Bakery products are available,15,0,0,1500,https://i0.wp.com/post.healthline.com/wp-content/uploads/2020/12/RiceSelect-Organic-Texmati-White-Rice.png?w=703
Pate - Liver Meat,pate-liver-meat,222,Eggs & meat with best quality.,Eggs & meat with best quality.,10,0,0,2069,https://i0.wp.com/post.healthline.com/wp-content/uploads/2020/12/RiceSelect-Organic-Texmati-White-Rice.png?w=714
Pawan Sunflower Oil,pawan-sunflower-oil,262,Cooking oil & Ghee products are available,Cooking oil & Ghee products are available,8,0,0,2290,https://i0.wp.com/post.healthline.com/wp-content/uploads/2020/12/RiceSelect-Organic-Texmati-White-Rice.png?w=706
Pea - Snow Oil,pea-snow-oil,229,Ghee and oil are available.,Ghee and oil are available.,8,0,0,1366,https://i0.wp.com/post.healthline.com/wp-content/uploads/2020/12/RiceSelect-Organic-Texmati-White-Rice.png?w=706
Pear - Prickly Dal,pear-prickly-dal,145,All kind of dal and pulses are available here.,All kind of dal and pulses are available here.,16,0,0,2253,https://i0.wp.com/post.healthline.com/wp-content/uploads/2020/12/RiceSelect-Organic-Texmati-White-Rice.png?w=712
Piro Chilly Flakes Masala,piro-chilly-flakes-masala,34,Spices and Masala are available,Spices and Masala are available,3,0,0,951,https://i0.wp.com/post.healthline.com/wp-content/uploads/2020/12/RiceSelect-Organic-Texmati-White-Rice.png?w=706
Piro Instant Noodles,piro-instant-noodles,245,Noodles & Biscuits are available,Noodles & Biscuits are available,17,0,0,513,https://i0.wp.com/post.healthline.com/wp-content/uploads/2020/12/RiceSelect-Organic-Texmati-White-Rice.png?w=704
Pistachios Dry Nut,pistachios-dry-nut,11,Varieties of dry fuits products are available.,Varieties of dry fuits products are available.,5,0,0,2336,https://i0.wp.com/post.healthline.com/wp-content/uploads/2020/12/RiceSelect-Organic-Texmati-White-Rice.png?w=713
Plasticforkblack Oil,plasticforkblack-oil,148,Cooking oil & Ghee products are available,Cooking oil & Ghee products are available,8,0,0,283,https://i0.wp.com/post.healthline.com/wp-content/uploads/2020/12/RiceSelect-Organic-Texmati-White-Rice.png?w=715
Plate Pie Foil Ghee,plate-pie-foil-ghee,163,Cooking oil & Ghee products are available,Cooking oil & Ghee products are available,8,0,0,2041,https://i0.wp.com/post.healthline.com/wp-content/uploads/2020/12/RiceSelect-Organic-Texmati-White-Rice.png?w=715
Platinum Basmati Rice,platinum-basmati-rice,77,Rice with best quality.,Rice with best quality.,1,0,0,2229,https://i0.wp.com/post.healthline.com/wp-content/uploads/2020/12/RiceSelect-Organic-Texmati-White-Rice.png?w=704
Popular South Indian Masala ,popular-south-indian-masala,277,Spices & Masala are available,Spices & Masala are available,3,0,0,294,https://i0.wp.com/post.healthline.com/wp-content/uploads/2020/12/RiceSelect-Organic-Texmati-White-Rice.png?w=706
"Pork - Back, Long Cut, Boneless Meat",pork-back-long-cut-boneless-meat,165,Eggs & meat with best quality.,Eggs & meat with best quality.,10,0,0,119,https://i0.wp.com/post.healthline.com/wp-content/uploads/2020/12/RiceSelect-Organic-Texmati-White-Rice.png?w=717
"Pork - Sausage, Medium",pork-sausage-medium,215,Eggs & meat with best quality.,Eggs & meat with best quality.,10,0,0,1385,https://i0.wp.com/post.healthline.com/wp-content/uploads/2020/12/RiceSelect-Organic-Texmati-White-Rice.png?w=707
Prabhas Crunchy Beaten Rice,prabhas-crunchy-beaten-rice,107,Rice with best quality.,Rice with best quality.,1,0,0,2637,https://i0.wp.com/post.healthline.com/wp-content/uploads/2020/12/RiceSelect-Organic-Texmati-White-Rice.png?w=704
Prabhu Organic Tea,prabhu-organic-tea,274,Tea and coffee are available.,Tea and coffee are available.,9,0,0,2176,https://i0.wp.com/post.healthline.com/wp-content/uploads/2020/12/RiceSelect-Organic-Texmati-White-Rice.png?w=703
Pran Cow Ghee,pran-cow-ghee,265,Cooking oil & Ghee products are available,Cooking oil & Ghee products are available,8,0,0,390,https://i0.wp.com/post.healthline.com/wp-content/uploads/2020/12/RiceSelect-Organic-Texmati-White-Rice.png?w=709
Pran Thakali Rice,pran-thakali-rice,75,Rice with best quality.,Rice with best quality.,1,0,0,2930,https://i0.wp.com/post.healthline.com/wp-content/uploads/2020/12/RiceSelect-Organic-Texmati-White-Rice.png?w=717
Pranas Millet Flour & Atta,pranas-millet-flour-&-atta,237,"Atta , Flour & Suji are available","Atta , Flour & Suji are available",18,0,0,1316,https://i0.wp.com/post.healthline.com/wp-content/uploads/2020/12/RiceSelect-Organic-Texmati-White-Rice.png?w=714
Pranjal Premium Basmati rice,pranjal-premium-basmati-rice,253,rice with best quality.,rice with best quality.,1,0,0,1861,https://i0.wp.com/post.healthline.com/wp-content/uploads/2020/12/RiceSelect-Organic-Texmati-White-Rice.png?w=712
Prasta Salty Biscuits,prasta-salty-biscuits,122,Noodles & Biscuits are available,Noodles & Biscuits are available,17,0,0,1680,https://i0.wp.com/post.healthline.com/wp-content/uploads/2020/12/RiceSelect-Organic-Texmati-White-Rice.png?w=704
Pure Walnuts Dry Fruits,pure-walnuts-dry-fruits,31,Varieties of dry fuits products are available.,Varieties of dry fuits products are available.,5,0,0,1777,https://i0.wp.com/post.healthline.com/wp-content/uploads/2020/12/RiceSelect-Organic-Texmati-White-Rice.png?w=703
Rama Rambilash Rice,rama-rambilash-rice,71,Rice with best quality.,Rice with best quality.,1,1,0,259,https://i0.wp.com/post.healthline.com/wp-content/uploads/2020/12/RiceSelect-Organic-Texmati-White-Rice.png?w=713
Rara Instant Noodles,rara-instant-noodles,290,Noodles & Biscuits are available,Noodles & Biscuits are available,17,0,0,2979,https://i0.wp.com/post.healthline.com/wp-content/uploads/2020/12/RiceSelect-Organic-Texmati-White-Rice.png?w=704
Riya Extra Virgin Olive Oil,riya-extra-virgin-olive-oil,116,Cooking oil & Ghee products are available,Cooking oil & Ghee products are available,8,0,0,971,https://i0.wp.com/post.healthline.com/wp-content/uploads/2020/12/RiceSelect-Organic-Texmati-White-Rice.png?w=713
Roastes Pistachios Nut,roastes-pistachios-nut,98,Rice with best quality.,Rice with best quality.,1,0,0,596,https://i0.wp.com/post.healthline.com/wp-content/uploads/2020/12/RiceSelect-Organic-Texmati-White-Rice.png?w=710
Rodhi Spicy Chilly Flakes Masala,rodhi-spicy-chilly-flakes-masala,121,Spices and Masala are available,Spices and Masala are available,3,1,0,2451,https://i0.wp.com/post.healthline.com/wp-content/uploads/2020/12/RiceSelect-Organic-Texmati-White-Rice.png?w=703
Rum Pum Instant Noodles ,rum-pum-instant-noodles,287,Noodles & Biscuits are available,Noodles & Biscuits are available,17,1,0,2479,https://i0.wp.com/post.healthline.com/wp-content/uploads/2020/12/RiceSelect-Organic-Texmati-White-Rice.png?w=716
Rum Rum Noodles,rum-rum-noodles,250,Noodles & Biscuits are available,Noodles & Biscuits are available,17,0,0,1385,https://i0.wp.com/post.healthline.com/wp-content/uploads/2020/12/RiceSelect-Organic-Texmati-White-Rice.png?w=709
Rupak Gold Sunflower Oil,rupak-gold-sunflower-oil,120,Cooking oil & Ghee products are available,Cooking oil & Ghee products are available,8,0,0,315,https://i0.wp.com/post.healthline.com/wp-content/uploads/2020/12/RiceSelect-Organic-Texmati-White-Rice.png?w=717
Ryan Almond Nut,ryan-almond-nut,10,Varieties of dry fuits products are available.,Varieties of dry fuits products are available.,5,0,0,2868,https://i0.wp.com/post.healthline.com/wp-content/uploads/2020/12/RiceSelect-Organic-Texmati-White-Rice.png?w=712
Ryan Cashew Nut,ryan-cashew-nut,96,Varieties of dry fuits products are available.,Varieties of dry fuits products are available.,5,0,0,1166,https://i0.wp.com/post.healthline.com/wp-content/uploads/2020/12/RiceSelect-Organic-Texmati-White-Rice.png?w=708
Saanu Sunflower Oil,saanu-sunflower-oil,260,Cooking oil & Ghee products are available,Cooking oil & Ghee products are available,8,0,0,2492,https://i0.wp.com/post.healthline.com/wp-content/uploads/2020/12/RiceSelect-Organic-Texmati-White-Rice.png?w=704
Saathi Sunflower Oil,saathi-sunflower-oil,56,Cooking oil & Ghee products are available,Cooking oil & Ghee products are available,8,0,0,1823,https://i0.wp.com/post.healthline.com/wp-content/uploads/2020/12/RiceSelect-Organic-Texmati-White-Rice.png?w=713
Safa Chakki Atta,safa-chakki-atta,95,"Atta , Flour & Suji are available","Atta , Flour & Suji are available",18,0,0,2029,https://i0.wp.com/post.healthline.com/wp-content/uploads/2020/12/RiceSelect-Organic-Texmati-White-Rice.png?w=707
Sahara Sunflower Oil,sahara-sunflower-oil,27,Cooking oil & Ghee products are available,Cooking oil & Ghee products are available,8,0,0,2362,https://i0.wp.com/post.healthline.com/wp-content/uploads/2020/12/RiceSelect-Organic-Texmati-White-Rice.png?w=714
Suhana Sunflower Oil,suhana-sunflower-oil,114,Cooking oil & Ghee products are available,Cooking oil & Ghee products are available,8,0,0,1986,https://i0.wp.com/post.healthline.com/wp-content/uploads/2020/12/RiceSelect-Organic-Texmati-White-Rice.png?w=711
Sahas Sunflower Oil,sahas-sunflower-oil,85,Cooking oil & Ghee products are available,Cooking oil & Ghee products are available,8,0,0,1515,https://i0.wp.com/post.healthline.com/wp-content/uploads/2020/12/RiceSelect-Organic-Texmati-White-Rice.png?w=712
Samaya Mustard Oil,samaya-mustard-oil,28,Cooking oil & Ghee products are available,Cooking oil & Ghee products are available,8,0,0,1892,https://i0.wp.com/post.healthline.com/wp-content/uploads/2020/12/RiceSelect-Organic-Texmati-White-Rice.png?w=715
Sana Pistachios Dry Nut,sana-pistachios-dry-nut,127,Varieties of dry fuits products are available.,Varieties of dry fuits products are available.,5,0,0,2748,https://i0.wp.com/post.healthline.com/wp-content/uploads/2020/12/RiceSelect-Organic-Texmati-White-Rice.png?w=709
Sanam Thakali Rice,sanam-thakali-rice,252,Rice with best quality.,Rice with best quality.,1,0,0,2359,https://i0.wp.com/post.healthline.com/wp-content/uploads/2020/12/RiceSelect-Organic-Texmati-White-Rice.png?w=711
Sarathi Half Boiled Rice,sarathi-half-boiled-rice,15,Rice with best quality.,Rice with best quality.,1,0,0,2396,https://i0.wp.com/post.healthline.com/wp-content/uploads/2020/12/RiceSelect-Organic-Texmati-White-Rice.png?w=717
Sarbottam Chakki Atta,sarbottam-chakki-atta,239,"Atta , Flour & Suji are available","Atta , Flour & Suji are available",18,0,0,1540,https://i0.wp.com/post.healthline.com/wp-content/uploads/2020/12/RiceSelect-Organic-Texmati-White-Rice.png?w=716
Sayli Mashoor Dal,sayli-mashoor-dal,266,All kind of dal and pulses are available here.,All kind of dal and pulses are available here.,16,0,0,1489,https://i0.wp.com/post.healthline.com/wp-content/uploads/2020/12/RiceSelect-Organic-Texmati-White-Rice.png?w=710
Scallops - Nuts,scallops - nuts,213,Varieties of dry fuits products are available.,Varieties of dry fuits products are available.,5,0,0,301,https://i0.wp.com/post.healthline.com/wp-content/uploads/2020/12/RiceSelect-Organic-Texmati-White-Rice.png?w=705
Shaan Chakki Atta,shaan-chakki-atta,124,"Atta , Flour & Suji are available","Atta , Flour & Suji are available",18,0,0,2721,https://i0.wp.com/post.healthline.com/wp-content/uploads/2020/12/RiceSelect-Organic-Texmati-White-Rice.png?w=706
Shaktimaan Instant Noodles,shaktimaan-instant-noodles,288,Noodles & Biscuits are available,Noodles & Biscuits are available,17,0,0,1705,https://i0.wp.com/post.healthline.com/wp-content/uploads/2020/12/RiceSelect-Organic-Texmati-White-Rice.png?w=717
Shital Noodles,shital-noodles,296,Noodles & Biscuits are available,Noodles & Biscuits are available,17,0,0,2577,https://i0.wp.com/post.healthline.com/wp-content/uploads/2020/12/RiceSelect-Organic-Texmati-White-Rice.png?w=710
Shital Sonam Rice,shital-sonam-rice,70,Rice with best quality.,Rice with best quality.,1,0,0,2664,https://i0.wp.com/post.healthline.com/wp-content/uploads/2020/12/RiceSelect-Organic-Texmati-White-Rice.png?w=712
Shraddha Premium Flour,shraddha-premium-flour,285,"Atta , Flour & Suji are available","Atta , Flour & Suji are available",18,0,0,799,https://i0.wp.com/post.healthline.com/wp-content/uploads/2020/12/RiceSelect-Organic-Texmati-White-Rice.png?w=714
Shree Rambilash Rice,shree-rambilash-rice,13,Rice with best quality.,Rice with best quality.,1,0,0,170,https://i0.wp.com/post.healthline.com/wp-content/uploads/2020/12/RiceSelect-Organic-Texmati-White-Rice.png?w=715
Shreyash Thakali Rice,shreyash-thakali-rice,297,Rice with best quality.,Rice with best quality.,1,0,0,2725,https://i0.wp.com/post.healthline.com/wp-content/uploads/2020/12/RiceSelect-Organic-Texmati-White-Rice.png?w=711
Silash Jeera Masino Rice,silash-jeera-masino-rice,30,Rice with best quality.,Rice with best quality.,1,1,0,1041,https://i0.wp.com/post.healthline.com/wp-content/uploads/2020/12/RiceSelect-Organic-Texmati-White-Rice.png?w=717
Simsar Sonam Rice,simsar-sonam-rice,72,Rice with best quality.,Rice with best quality.,1,0,0,2375,https://i0.wp.com/post.healthline.com/wp-content/uploads/2020/12/RiceSelect-Organic-Texmati-White-Rice.png?w=714
Smirnoff Green Apple Twist Juice,smirnoff-green-apple-twist-juice,198,Soft drinks & Juices are available,Soft drinks & Juices are available,19,0,0,915,https://i0.wp.com/post.healthline.com/wp-content/uploads/2020/12/RiceSelect-Organic-Texmati-White-Rice.png?w=705
"Soup - Campbells, Lentil",soup-campbells-lentil,183,All kind of dal and pulses are available here.,All kind of dal and pulses are available here.,16,0,0,1681,https://i0.wp.com/post.healthline.com/wp-content/uploads/2020/12/RiceSelect-Organic-Texmati-White-Rice.png?w=705
South Gate Basmati Rice,south-gate-basmati-rice,35,Rice with best quality.,Rice with best quality.,1,0,0,1602,https://i0.wp.com/post.healthline.com/wp-content/uploads/2020/12/RiceSelect-Organic-Texmati-White-Rice.png?w=707
South Indian Masala ,south-indian-masala,232,Spices & Masala are available,Spices & Masala are available,3,0,0,1173,https://i0.wp.com/post.healthline.com/wp-content/uploads/2020/12/RiceSelect-Organic-Texmati-White-Rice.png?w=709
Spice - Chili Powder Mexican,spice-chili-powder-mexican,221,Spices & Masala are available,Spices & Masala are available,3,0,0,2776,https://i0.wp.com/post.healthline.com/wp-content/uploads/2020/12/RiceSelect-Organic-Texmati-White-Rice.png?w=713
Spice - Paprika Masala,spice-paprika-masala,181,Spices and Masala are available,Spices and Masala are available,3,0,0,2714,https://i0.wp.com/post.healthline.com/wp-content/uploads/2020/12/RiceSelect-Organic-Texmati-White-Rice.png?w=703
Spicy Chilly Flakes Masala,spices-chilly-flakes-masala,5,Spices and Masala are available,Spices and Masala are available,3,0,0,768,http://127.0.0.1:8000/media/product/HULAS-JEERA-MASINO-RICE_IzvrdN3_nNqfWfl.jpg
Sprouts - Alfalfa Dal,sprouts-alfalfa-dal,157,All kind of dal and pulses are available here.,All kind of dal and pulses are available here.,16,0,0,714,https://i0.wp.com/post.healthline.com/wp-content/uploads/2020/12/RiceSelect-Organic-Texmati-White-Rice.png?w=709
Sprouts - Bean Dal,sprouts-bean-dal,138,All kind of dal and pulses are available here.,All kind of dal and pulses are available here.,16,0,0,417,https://i0.wp.com/post.healthline.com/wp-content/uploads/2020/12/RiceSelect-Organic-Texmati-White-Rice.png?w=705
Squash - Pepper Masala,squash-pepper-masala,217,Spices & Masala are available,Spices & Masala are available,3,0,0,1009,https://i0.wp.com/post.healthline.com/wp-content/uploads/2020/12/RiceSelect-Organic-Texmati-White-Rice.png?w=709
Squid - Tubes Oil,squid-tubes-oil,173,Cooking oil & Ghee products are available,Cooking oil & Ghee products are available,8,0,0,1141,https://i0.wp.com/post.healthline.com/wp-content/uploads/2020/12/RiceSelect-Organic-Texmati-White-Rice.png?w=710
Squid - U - 10 Thailand Milk,squid-u-thailand-milk,224,Dairy products are available,Dairy products are available,15,0,0,789,https://i0.wp.com/post.healthline.com/wp-content/uploads/2020/12/RiceSelect-Organic-Texmati-White-Rice.png?w=716
Star Basmati Rice,star-basmati-rice,80,Rice with best quality.,Rice with best quality.,1,0,0,1168,https://i0.wp.com/post.healthline.com/wp-content/uploads/2020/12/RiceSelect-Organic-Texmati-White-Rice.png?w=707
Swan Sunflower Oil,swan-sunflower-oil,83,Cooking oil & Ghee products are available,Cooking oil & Ghee products are available,8,0,0,247,https://i0.wp.com/post.healthline.com/wp-content/uploads/2020/12/RiceSelect-Organic-Texmati-White-Rice.png?w=710
Swastic Sunflower Oil,swastic-sunflower-oil,25,Cooking oil & Ghee products are available,Cooking oil & Ghee products are available,8,0,0,795,https://i0.wp.com/post.healthline.com/wp-content/uploads/2020/12/RiceSelect-Organic-Texmati-White-Rice.png?w=712
Swastika Sunflower Oil,swastika-sunflower-oil,112,Cooking oil & Ghee products are available,Cooking oil & Ghee products are available,8,0,0,2790,https://i0.wp.com/post.healthline.com/wp-content/uploads/2020/12/RiceSelect-Organic-Texmati-White-Rice.png?w=709
Swiss Chard - Red Eggs,swiss-chard-red-eggs,140,Eggs & meat with best quality.,Eggs & meat with best quality.,10,0,0,1117,https://i0.wp.com/post.healthline.com/wp-content/uploads/2020/12/RiceSelect-Organic-Texmati-White-Rice.png?w=707
Swordfish Loin Portions Oil,swordfish-loin-portions-oil,203,Cooking oil & Ghee products are available,Cooking oil & Ghee products are available,8,0,0,535,https://i0.wp.com/post.healthline.com/wp-content/uploads/2020/12/RiceSelect-Organic-Texmati-White-Rice.png?w=710
Tai Beaten Rice,tai-beaten-rice,110,Rice with best quality.,Rice with best quality.,1,0,0,1074,https://i0.wp.com/post.healthline.com/wp-content/uploads/2020/12/RiceSelect-Organic-Texmati-White-Rice.png?w=707
Taichin Beaten Rice,taichin-beaten-rice,23,Rice with best quality.,Rice with best quality.,1,0,0,2342,https://i0.wp.com/post.healthline.com/wp-content/uploads/2020/12/RiceSelect-Organic-Texmati-White-Rice.png?w=710
Tama Jeera Masino Rice,tama-jeera-masino-rice,59,Rice with best quality.,Rice with best quality.,1,0,0,1188,https://i0.wp.com/post.healthline.com/wp-content/uploads/2020/12/RiceSelect-Organic-Texmati-White-Rice.png?w=716
Tar Walnuts Dry Fruits,tar-walnuts-dry-fruits,60,Varieties of dry fuits products are available.,Varieties of dry fuits products are available.,5,0,0,841,https://i0.wp.com/post.healthline.com/wp-content/uploads/2020/12/RiceSelect-Organic-Texmati-White-Rice.png?w=717
Tasty Biscuits,tasty-biscuits,89,Noodles & Biscuits are available,Noodles & Biscuits are available,17,0,0,746,https://i0.wp.com/post.healthline.com/wp-content/uploads/2020/12/RiceSelect-Organic-Texmati-White-Rice.png?w=716
Tea - Decaf Lipton,tea-decaf-lipton,178,Tea & Coffee products are available,Tea & Coffee products are available,9,0,0,2904,https://i0.wp.com/post.healthline.com/wp-content/uploads/2020/12/RiceSelect-Organic-Texmati-White-Rice.png?w=715
Tea - Vanilla Chai,tea-vanilla-chai,193,Tea & Coffee products are available,Tea & Coffee products are available,9,0,0,2873,https://i0.wp.com/post.healthline.com/wp-content/uploads/2020/12/RiceSelect-Organic-Texmati-White-Rice.png?w=715
Tiffin Beaten Rice,tiffin-beaten-rice,81,Rice with best quality.,Rice with best quality.,1,0,0,1849,https://i0.wp.com/post.healthline.com/wp-content/uploads/2020/12/RiceSelect-Organic-Texmati-White-Rice.png?w=708
Tip Top Biscuits,tip-top-biscuits,249,Noodles & Biscuits are available,Noodles & Biscuits are available,17,0,0,1369,https://i0.wp.com/post.healthline.com/wp-content/uploads/2020/12/RiceSelect-Organic-Texmati-White-Rice.png?w=708
"Tomatoes - Vine Ripe, Red Liqour",tomatoes-vine-ripe-red-liqour,151,Liquor products are available,Liquor products are available,12,0,0,896,https://i0.wp.com/post.healthline.com/wp-content/uploads/2020/12/RiceSelect-Organic-Texmati-White-Rice.png?w=703
Top Biscuits,top-biscuits,294,Noodles & Biscuits are available,Noodles & Biscuits are available,17,0,0,1009,https://i0.wp.com/post.healthline.com/wp-content/uploads/2020/12/RiceSelect-Organic-Texmati-White-Rice.png?w=708
Truffle Cups - White Juice,truffle-cups-white-juice,225,Soft drinks & Juices are available,Soft drinks & Juices are available,19,0,0,851,https://i0.wp.com/post.healthline.com/wp-content/uploads/2020/12/RiceSelect-Organic-Texmati-White-Rice.png?w=717
Truffle Shells - White Chocolate,truffle-shells-white-chocolate,150,Chocolate and chips are available.,Chocolates and chips are available.,6,0,0,1803,https://i0.wp.com/post.healthline.com/wp-content/uploads/2020/12/RiceSelect-Organic-Texmati-White-Rice.png?w=717
Uday Sonam Rice,uday-sonam-rice,99,Rice with best quality.,Rice with best quality.,1,0,0,1008,https://i0.wp.com/post.healthline.com/wp-content/uploads/2020/12/RiceSelect-Organic-Texmati-White-Rice.png?w=711
Udit Mustard Oil,udit-mustard-oil,259,Cooking oil & Ghee products are available,Cooking oil & Ghee products are available,8,0,0,2659,https://i0.wp.com/post.healthline.com/wp-content/uploads/2020/12/RiceSelect-Organic-Texmati-White-Rice.png?w=703
Ultimate Spicy Chilly Flakes Masala,ultimate-spicy-chilly-flakes-masala,63,Spices and Masala are available,Spices and Masala are available,3,0,0,883,https://i0.wp.com/post.healthline.com/wp-content/uploads/2020/12/RiceSelect-Organic-Texmati-White-Rice.png?w=705
Upahar Jeera Masino Rice,upakar-jeera-masino-rice,36,Rice with best quality.,Rice with best quality.,1,0,0,2308,https://i0.wp.com/post.healthline.com/wp-content/uploads/2020/12/RiceSelect-Organic-Texmati-White-Rice.png?w=708
Upakar Jeera Masino Rice,upakar-jeera-masino-rice,7,Rice with best quality.,Rice with best quality.,1,0,0,1524,http://127.0.0.1:8000/media/product/HULAS-JEERA-MASINO-RICE_IzvrdN3_nNqfWfl.jpg
Upar Sonam Rice,upar-sonam-rice,12,Rice with best quality.,Rice with best quality.,1,1,0,1920,https://i0.wp.com/post.healthline.com/wp-content/uploads/2020/12/RiceSelect-Organic-Texmati-White-Rice.png?w=714
Upas Jeera Masino Rice,upas-jeera-masino-rice,65,Rice with best quality.,Rice with best quality.,1,0,0,272,https://i0.wp.com/post.healthline.com/wp-content/uploads/2020/12/RiceSelect-Organic-Texmati-White-Rice.png?w=707
Upatar Sonam Rice,upatar-sonam-rice,41,Rice with best quality.,Rice with best quality.,1,0,0,2745,https://i0.wp.com/post.healthline.com/wp-content/uploads/2020/12/RiceSelect-Organic-Texmati-White-Rice.png?w=713
Urban Zen Drinks Liquor,urban-zen-drinks-liquor,146,Liquor products are available,Liquor products are available,12,0,0,1206,https://i0.wp.com/post.healthline.com/wp-content/uploads/2020/12/RiceSelect-Organic-Texmati-White-Rice.png?w=713
Uttam Suji ,uttam-suji,238,"Atta , Flour & Suji are available","Atta , Flour & Suji are available",18,0,0,460,https://i0.wp.com/post.healthline.com/wp-content/uploads/2020/12/RiceSelect-Organic-Texmati-White-Rice.png?w=715
V8 - Vegetable Cocktail Rum,v-vegetable-cocktail-rum,188,Liquor products are available,Liquor products are available,12,0,0,2165,https://i0.wp.com/post.healthline.com/wp-content/uploads/2020/12/RiceSelect-Organic-Texmati-White-Rice.png?w=710
Vaani Thakali Rice,vaani-thakali-rice,104,Rice with best quality.,Rice with best quality.,1,0,0,2275,https://i0.wp.com/post.healthline.com/wp-content/uploads/2020/12/RiceSelect-Organic-Texmati-White-Rice.png?w=716
Varun Cow Ghee,varun-cow-ghee,269,Cooking oil & Ghee products are available,Cooking oil & Ghee products are available,8,0,0,1161,https://i0.wp.com/post.healthline.com/wp-content/uploads/2020/12/RiceSelect-Organic-Texmati-White-Rice.png?w=713
Veal - Osso Bucco Water,veal-osso-bucco-water,208,Soft drinks & Juices are available,Soft drinks & Juices are available,19,0,0,1320,https://i0.wp.com/post.healthline.com/wp-content/uploads/2020/12/RiceSelect-Organic-Texmati-White-Rice.png?w=715
"Vermouth - Sweet, Cinzano Chocolate",vermouth-sweet-cinzano-chocolate,134,Chocolates and chips are found,Chocolates and chips are found,6,0,0,2134,https://i0.wp.com/post.healthline.com/wp-content/uploads/2020/12/RiceSelect-Organic-Texmati-White-Rice.png?w=716
Vinegar - Rice,vinegar-rice,212,Rice with best quality.,Rice with best quality.,1,0,0,2402,https://i0.wp.com/post.healthline.com/wp-content/uploads/2020/12/RiceSelect-Organic-Texmati-White-Rice.png?w=704
Virat Basmati Rice,virat-basmati-rice,299,Rice with best quality.,Rice with best quality.,1,1,0,1050,https://i0.wp.com/post.healthline.com/wp-content/uploads/2020/12/RiceSelect-Organic-Texmati-White-Rice.png?w=713
Waiwai Instant Noodles,waiwai-instant-noodles,286,Noodles & Biscuits are available,Noodles & Biscuits are available,17,0,0,1125,https://i0.wp.com/post.healthline.com/wp-content/uploads/2020/12/RiceSelect-Organic-Texmati-White-Rice.png?w=715
Walnuts Dry Fruits,walnuts-dry-nuts,2,Varieties of dry fuits products are available.,Varieties of dry fuits products are available.,5,0,0,391,http://127.0.0.1:8000/media/product/HULAS-JEERA-MASINO-RICE_IzvrdN3_nNqfWfl.jpg
Wasabi Paste Oil,wasabi-paste-oil,172,Cooking oil & Ghee products are available,Cooking oil & Ghee products are available,8,0,0,1834,https://i0.wp.com/post.healthline.com/wp-content/uploads/2020/12/RiceSelect-Organic-Texmati-White-Rice.png?w=709
Wawa Instant Noodles,wawa-instant-noodles,241,Noodles & Biscuits are available,Noodles & Biscuits are available,17,0,0,2530,https://i0.wp.com/post.healthline.com/wp-content/uploads/2020/12/RiceSelect-Organic-Texmati-White-Rice.png?w=715
Whmis Spray Bottle Tea,whmis-spray-bottle-tea,223,Tea & Coffee products are available,Tea & Coffee products are available,9,0,0,1103,https://i0.wp.com/post.healthline.com/wp-content/uploads/2020/12/RiceSelect-Organic-Texmati-White-Rice.png?w=715
Wine - Prosecco Valdobiaddene,wine-prosecco-valdobiaddene,186,Liquor products are available,Liquor products are available,12,0,0,721,https://i0.wp.com/post.healthline.com/wp-content/uploads/2020/12/RiceSelect-Organic-Texmati-White-Rice.png?w=708
Cranberry Wine  ,cranberry wine,137,Liquor products are available,Liquor products are available,12,0,0,2744,https://i0.wp.com/post.healthline.com/wp-content/uploads/2020/12/RiceSelect-Organic-Texmati-White-Rice.png?w=704
Gooseberry Grape Wine,gooseberry-grape-wine,152,Liquor products are available,Liquor products are available,12,0,0,1013,https://i0.wp.com/post.healthline.com/wp-content/uploads/2020/12/RiceSelect-Organic-Texmati-White-Rice.png?w=704
Red Wine,red-wine,201,Liquor products are available,Liquor products are available,12,0,0,229,https://i0.wp.com/post.healthline.com/wp-content/uploads/2020/12/RiceSelect-Organic-Texmati-White-Rice.png?w=708
Fresh Yogurt,fresh-yogurt,200,Dairy & Bakery products are available,Dairy & Bakery products are available,15,0,0,2100,https://i0.wp.com/post.healthline.com/wp-content/uploads/2020/12/RiceSelect-Organic-Texmati-White-Rice.png?w=707
